---
layout: null
---
<?xml version="1.0" encoding="UTF-8"?>
<rss version="2.0" xmlns:atom="http://www.w3.org/2005/Atom">
  <channel>
    <title>{{ site.title }}</title>
    <description>{{ site.description }}</description>
    <link>{{ site.url }}</link>
    <atom:link href="{{ site.url }}/feed.xml" rel="self" type="application/rss+xml" />
    {% for post in site.posts limit:10 %}
      <item>
        <title>{{ post.title }}</title>
        <description>{{ post.content | xml_escape | replace: 'javascript||' | replace: 'shell||' | replace: 'ruby||' | replace: 'html||' }}</description>
        <pubDate>{{ post.date | date: "%a, %d %b %Y %H:%M:%S %z" }}</pubDate>
        <link>{{ site.url }}{{ post.url }}</link>
        <guid isPermaLink="true">{{ site.url }}{{ post.url }}</guid>
      </item>
    {% endfor %}
  </channel>
</rss>
